seed,tpr,fpr,f1,auc
0,0.9517208413001912,0.1,0.9277726001863933,0.9740416007077862
