seed,tpr,fpr,f1,auc
0,0.9560229445506692,0.1,0.9300162752848173,0.9689292543021032
