seed,tpr,fpr,f1,auc
0,0.9904489016236867,0.1,0.9476810600868174,0.9876718308278805
