seed,tpr,fpr,f1,auc
0,0.9880611270296084,0.1,0.9469107551487415,0.979205379631074
