seed,tpr,fpr,f1,auc
0,1.0,0.1,0.9721627408993576,0.9965262279493101
