seed,tpr,fpr,f1,auc
0,0.9955947136563876,0.1,0.9783549783549782,0.9952065827010033
