seed,tpr,fpr,f1,auc
0,0.9706156716417911,0.1,0.9378098242451555,0.9771176765426598
