seed,tpr,fpr,f1,auc
0,0.9696828358208955,0.1,0.937330928764653,0.9690645710347516
