seed,tpr,fpr,f1,auc
0,0.9534510433386838,0.1,0.9288506645817045,0.97876450584442
