seed,tpr,fpr,f1,auc
0,0.965757089352595,0.1,0.935717988595127,0.9734549881897799
