seed,tpr,fpr,f1,auc
0,0.8872778297474275,0.1,0.8931261770244822,0.9529457603120863
