seed,tpr,fpr,f1,auc
0,0.8877455565949486,0.1,0.8933866792186397,0.9468272455920355
