seed,tpr,fpr,f1,auc
0,0.9873096446700508,0.1,0.9464720194647201,0.9901762477775773
