seed,tpr,fpr,f1,auc
0,0.9873096446700508,0.1,0.9569495694956949,0.980867839934036
