seed,tpr,fpr,f1,auc
0,0.9431616341030196,0.1,0.9237460133371993,0.9692286767615901
