seed,tpr,fpr,f1,auc
0,0.9336885731201895,0.1,0.9189976689976691,0.9582910491422049
